
<?xml version="1.0" encoding="UTF-8" standalone="yes"?>
<addon id="repository.kodi" name="Kodi sam Repo" version="1.1.0" provider-name="Kodisam">
	<extension point="xbmc.addon.repository" name="Kodi-Mexico official Repo">
		<info compressed="false">https://raw.githubusercontent.com/chamnajera/mirepo/master/addons.xml</info>
		<checksum>https://raw.githubusercontent.com/chamnajera/mirepo/master/addons.xml.md5</checksum>
		<datadir zip="true">https://raw.githubusercontent.com/chamnajera/mirepo/master</datadir>
	</extension>
	<extension point="xbmc.addon.metadata">
		<summary>Kodi-Mexico official Repo</summary>
   		<description lang="en">Instala los Addons de Kodi sam.</description>
		<disclaimer></disclaimer>
		<platform>all</platform>
	</extension>
</addon>